topic,word
business,commercial
business,enterprise
business,corporate
business,merchants
business,merchant
business,banking
business,employer
business,workplace
business,firm
business,enterprises
business,company
business,industry
business,biz
business,employers
business,merchandise
business,deal
business,economic
business,business
business,starsmerchant
business,billing
business,broker
business,league
business,sales
business,work
business,firms
business,manufacturer
business,corporation
business,corporations
business,supplier
business,manufacturers
business,selling
business,companies
business,financial
business,booth
business,boutique
business,gmt
business,sale
business,manufacturing
business,seller
business,reseller
business,conducting
business,shops
business,job
business,corp
business,businesses
business,dealing
business,lab
business,ecommerce
business,factory
business,biol
business,brokers
business,lenders
business,dealtime
business,brands
business,bras
business,establishment
business,shemales
business,sells
business,bills
business,store
business,trading
business,conducted
business,shop
business,vendor
business,bidding
business,manufacture
business,commission
business,works
business,dealt
business,booking
business,contractors
business,dealer
business,vendors
business,profit
business,sellers
business,bureau
business,negotiations
business,brochure
business,deals
business,bk
business,studio
business,industries
business,ebay
business,bizrate
business,contractor
business,distributor
business,operations
business,charging
business,producer
business,contracts
business,comply
business,working
business,llc
business,corpus
business,retailer
business,retailers
business,legitimate
business,payday
business,economy
business,entrepreneur
business,invoice
business,career
business,wholesale
business,startup
business,lender
business,sell
business,beef
business,procurement
business,bio
business,sold
business,budgets
business,closing
business,licence
business,suppliers
business,commissions
business,buying
business,organizational
business,realtors
business,firmware
business,trade
business,paying
business,shipping
business,professional
business,finance
business,companion
business,pharmacies
business,bw
business,bl
business,bulk
business,trader
business,licensing
business,plc
business,dealers
business,advertiser
business,revenue
business,production
business,prostores
business,employ
business,export
business,owner
business,producers
business,brochures
business,stores
business,bmw
business,organization
business,operates
business,hiring
business,supply
business,bm
business,bbw
business,bet
business,zshops
business,manufactured
business,gmbh
business,mart
business,practical
business,bb
business,operate
business,packaging
business,contracting
business,monetary
business,powerseller
business,bidder
business,shipment
business,produces
business,industrial
business,wage
business,bo
business,bookings
business,pricing
business,exports
business,employed
business,charge
business,buys
business,labour
business,commissioners
business,shipments
business,advertisers
business,trades
business,economies
business,mlb
business,distributors
business,bookstore
business,buyer
business,revenues
business,motels
business,closes
business,bread
business,incorporate
business,labor
business,chamber
business,busy
business,commissioner
business,bought
business,supplies
business,publishers
business,office
business,laboratories
business,bbc
business,comm
business,wells
business,contract
business,bean
business,outsourcing
business,rental
business,organisations
business,deliver
business,incorporated
business,proprietary
business,bucks
business,launches
business,cases
business,worked
business,proceeds
business,owned
business,builds
business,organizations
business,counters
business,entrepreneurs
business,bloomberg
business,finances
business,cheque
business,negotiation
business,commerce
business,chambers
business,bids
business,reproduce
business,bi
business,charges
business,boom
business,compete
business,organisation
business,construction
business,profits
business,matters
business,ibm
business,robust
business,buy
business,order
business,body
business,productions
business,boss
business,fees
business,transactions
business,cashiers
business,reproduction
business,studios
business,casino
business,launched
business,rentals
business,purchasing
business,clients
business,legs
business,boc
business,promote
business,outlet
business,ba
business,rebates
business,stud
business,hire
business,banks
business,builders
business,operating
business,organizer
business,forbes
business,be
business,facility
business,receipt
business,competitive
business,orders
business,shemale
business,margin
business,fiscal
business,transaction
business,lexmark
business,fare
business,promotes
business,suite
business,provider
business,checkout
business,baker
business,handles
business,clearing
business,makers
business,keeping
business,franchise
business,ordering
business,making
business,estates
business,bedford
business,goods
business,breed
business,proceed
business,profession
business,delivers
business,marketplace
business,made
business,produce
business,payroll
business,casinos
business,acdbentity
business,promotion
business,builder
business,undertake
business,productive
business,acquisitions
business,settled
business,charger
business,schedule
business,settlement
business,brass
business,proceeding
business,merger
business,chrysler
business,sponsor
business,offering
business,payment
business,refurbished
business,build
business,maintain
business,bargain
business,money
business,bangbus
business,routine
business,purchased
business,circulation
business,promotions
business,pays
business,purchases
business,scheduled
business,realtor
business,owns
business,sagem
business,conventional
business,runs
business,shipped
business,exchanges
business,sealed
business,vertex
business,producing
business,keeps
business,management
business,establish
business,gba
business,functioning
business,expenditure
business,makes
business,providers
business,machinery
business,processed
business,buyers
business,economics
business,compensation
business,competing
business,bases
business,deadline
business,operation
business,polished
business,auctions
business,regulated
business,settle
business,survive
business,serving
business,institutional
business,rebate
business,purchase
business,replacing
business,brought
business,cancellation
business,completing
business,carrier
business,managed
business,boards
business,expenditures
business,steady
business,ongoing
business,gotta
business,competitors
business,begun
business,compound
business,leg
business,belkin
business,mill
business,promoted
business,payments
business,promoting
business,returning
business,market
business,prepare
business,delivering
business,bbs
business,brussels
business,distribute
business,launch
business,comp
business,pay
business,replacement
business,done
business,behalf
business,began
business,compliant
business,distributions
business,paypal
business,tba
business,contents
business,merge
business,commodities
business,basis
business,successful
business,advertise
business,tough
business,hb
business,established
business,sectors
business,shopper
business,maintains
business,washing
business,existing
business,practitioner
business,hotels
business,whole
business,baseline
business,provision
business,washer
business,investment
business,chargers
business,hotel
business,acquire
business,make
business,bundle
business,organize
business,returned
business,carriers
business,justify
business,internal
business,handle
business,proceedings
business,warehouse
business,francisco
business,executed
business,kruger
business,retain
business,transfers
business,sponsors
business,brunswick
business,manager
business,generates
business,broke
business,retained
business,boring
business,paid
business,labels
business,marriott
business,restaurant
business,sole
business,employees
business,founded
business,terminal
business,founder
business,licensed
business,charter
business,board
business,spending
business,drilling
business,customer
business,function
business,operated
business,stocks
business,reg
business,compliance
business,bid
business,refund
business,bargains
business,bc
business,wins
business,competitions
business,functional
business,compact
business,dock
business,worker
business,generating
business,run
business,workflow
business,mcdonald
business,accepting
business,swap
business,publisher
business,doing
business,opened
business,advertising
business,opening
business,structured
business,scheduling
business,case
business,warranty
business,hired
business,conduct
business,filling
business,building
business,cialis
style & beauty,charming
style & beauty,fabulous
style & beauty,attractive
style & beauty,elegant
style & beauty,deluxe
style & beauty,stunning
style & beauty,gorgeous
style & beauty,lovely
style & beauty,pretty
style & beauty,lingerie
style & beauty,magnificent
style & beauty,bridal
style & beauty,decorative
style & beauty,spectacular
style & beauty,wonderful
style & beauty,charm
style & beauty,charms
style & beauty,tiffany
style & beauty,premier
style & beauty,bloom
style & beauty,polished
style & beauty,floral
style & beauty,luxembourg
style & beauty,scenic
style & beauty,golden
style & beauty,nice
style & beauty,fioricet
style & beauty,sexy
style & beauty,modern
style & beauty,featuring
style & beauty,desirable
style & beauty,daisy
style & beauty,artistic
style & beauty,beautiful
style & beauty,stylish
style & beauty,sweet
style & beauty,refined
style & beauty,striking
style & beauty,appliance
style & beauty,bright
style & beauty,marvel
style & beauty,beverly
style & beauty,outstanding
style & beauty,shine
style & beauty,grace
style & beauty,butterfly
style & beauty,beautifully
style & beauty,fantastic
style & beauty,florist
style & beauty,fancy
style & beauty,noble
style & beauty,refine
style & beauty,superb
style & beauty,polish
style & beauty,glory
style & beauty,amber
style & beauty,divine
style & beauty,jewel
style & beauty,cool
style & beauty,renaissance
style & beauty,belle
style & beauty,look
style & beauty,florence
style & beauty,fully
style & beauty,glow
style & beauty,bouquet
style & beauty,princess
style & beauty,halo
style & beauty,jewelry
style & beauty,sunglasses
style & beauty,jade
style & beauty,looksmart
style & beauty,sophisticated
style & beauty,wicked
style & beauty,doll
style & beauty,suited
style & beauty,smooth
style & beauty,earrings
style & beauty,enhancing
style & beauty,fresh
style & beauty,contemporary
style & beauty,lime
style & beauty,willow
style & beauty,dress
style & beauty,classic
style & beauty,emerald
style & beauty,perfect
style & beauty,marie
style & beauty,complimentary
style & beauty,quilt
style & beauty,bracelet
style & beauty,attract
style & beauty,holly
style & beauty,rose
style & beauty,looked
style & beauty,lace
style & beauty,luxury
style & beauty,crest
style & beauty,fine
style & beauty,cosmetic
style & beauty,beauty
style & beauty,impressive
style & beauty,dressed
style & beauty,dressing
style & beauty,grand
style & beauty,madonna
style & beauty,merry
style & beauty,smile
style & beauty,sally
style & beauty,furnished
style & beauty,flowers
style & beauty,dresses
style & beauty,cute
style & beauty,blond
style & beauty,rainbow
style & beauty,looking
style & beauty,pleasant
style & beauty,jewellery
style & beauty,diamond
style & beauty,artwork
style & beauty,velvet
style & beauty,tremendous
style & beauty,delight
style & beauty,leisure
style & beauty,sapphire
style & beauty,skirt
style & beauty,amazing
style & beauty,pink
style & beauty,lucia
style & beauty,lift
style & beauty,necklace
style & beauty,makeup
style & beauty,clara
style & beauty,highlight
style & beauty,smilies
style & beauty,feat
style & beauty,crystal
style & beauty,precious
style & beauty,decorating
style & beauty,flip
style & beauty,florists
style & beauty,gratuit
style & beauty,marble
style & beauty,louise
style & beauty,ripe
style & beauty,virtue
style & beauty,macintosh
style & beauty,fashion
style & beauty,cleaner
style & beauty,grande
style & beauty,gentle
style & beauty,sublime
style & beauty,exotic
style & beauty,flower
style & beauty,cape
style & beauty,salon
style & beauty,bracelets
style & beauty,awesome
style & beauty,designed
style & beauty,boutique
style & beauty,cooler
style & beauty,presenting
style & beauty,mistress
style & beauty,ideal
style & beauty,spring
style & beauty,super
style & beauty,cathedral
style & beauty,lighter
style & beauty,premium
style & beauty,champagne
style & beauty,indie
style & beauty,fair
style & beauty,wearing
style & beauty,charlie
style & beauty,highlights
style & beauty,flashing
style & beauty,unique
style & beauty,looks
style & beauty,optimum
style & beauty,promising
style & beauty,brilliant
style & beauty,western
style & beauty,painted
style & beauty,great
style & beauty,bronze
style & beauty,silver
style & beauty,cherry
style & beauty,like
style & beauty,models
style & beauty,coat
style & beauty,lifestyle
style & beauty,favors
style & beauty,suzuki
style & beauty,optimal
style & beauty,customized
style & beauty,ruby
style & beauty,blonde
style & beauty,mediterranean
style & beauty,coral
style & beauty,worthy
style & beauty,mariah
style & beauty,displaying
style & beauty,chrome
style & beauty,personalized
style & beauty,model
style & beauty,gold
style & beauty,brunette
style & beauty,enhance
style & beauty,loved
style & beauty,enjoy
style & beauty,girl
style & beauty,pendant
style & beauty,sandy
style & beauty,synthetic
style & beauty,chicks
style & beauty,lighting
style & beauty,claire
style & beauty,clean
style & beauty,incredible
style & beauty,ebony
style & beauty,distinguished
style & beauty,customize
style & beauty,handmade
style & beauty,pearl
style & beauty,queen
style & beauty,amenities
style & beauty,light
style & beauty,honey
style & beauty,charlotte
style & beauty,romania
style & beauty,auburn
style & beauty,standing
style & beauty,customise
style & beauty,lucy
style & beauty,christina
style & beauty,jewish
style & beauty,highlighted
style & beauty,good
style & beauty,aurora
style & beauty,loving
style & beauty,julie
style & beauty,upskirt
style & beauty,swiss
style & beauty,bikini
style & beauty,italic
style & beauty,patio
style & beauty,excellent
style & beauty,babe
style & beauty,christine
style & beauty,enhancement
style & beauty,enhanced
style & beauty,entertaining
style & beauty,chick
style & beauty,diamonds
style & beauty,premiere
style & beauty,diana
style & beauty,bow
style & beauty,silk
style & beauty,coated
style & beauty,delicious
style & beauty,margaret
style & beauty,prominent
style & beauty,sandra
style & beauty,victoria
style & beauty,modular
style & beauty,caroline
style & beauty,liechtenstein
style & beauty,royal
style & beauty,paradise
style & beauty,appearance
style & beauty,visual
style & beauty,design
style & beauty,oriental
style & beauty,crown
style & beauty,express
style & beauty,louisiana
style & beauty,showcase
style & beauty,jennifer
style & beauty,paris
style & beauty,thongs
style & beauty,custom
style & beauty,julia
style & beauty,refurbished
style & beauty,align
style & beauty,restored
style & beauty,bang
style & beauty,glad
style & beauty,jaguar
style & beauty,modelling
style & beauty,sharp
style & beauty,marina
style & beauty,novelty
style & beauty,angela
style & beauty,appropriate
style & beauty,suitable
style & beauty,colored
style & beauty,peaceful
style & beauty,ashley
style & beauty,display
style & beauty,lindsay
style & beauty,wendy
style & beauty,outdoor
style & beauty,sheer
style & beauty,lucas
style & beauty,attraction
style & beauty,gem
style & beauty,balanced
style & beauty,amsterdam
style & beauty,celebrate
style & beauty,encouraging
style & beauty,liked
style & beauty,circular
style & beauty,martha
style & beauty,thong
style & beauty,enhancements
style & beauty,queens
style & beauty,stand
style & beauty,composed
style & beauty,dame
style & beauty,actress
style & beauty,sealed
style & beauty,antique
style & beauty,bless
style & beauty,cove
style & beauty,jane
style & beauty,positive
style & beauty,maui
style & beauty,framed
style & beauty,redhead
style & beauty,dynamic
style & beauty,displays
style & beauty,oriented
style & beauty,hugo
style & beauty,piece
style & beauty,valentine
style & beauty,stood
style & beauty,lemon
style & beauty,twinks
style & beauty,blend
style & beauty,dimensional
style & beauty,prague
style & beauty,lined
style & beauty,decor
style & beauty,linda
style & beauty,matched
style & beauty,wellington
style & beauty,features
style & beauty,treat
style & beauty,chosen
style & beauty,purple
style & beauty,cosmetics
style & beauty,jenny
style & beauty,highly
style & beauty,elizabeth
style & beauty,diane
style & beauty,glass
style & beauty,featured
style & beauty,jessica
style & beauty,arts
style & beauty,naples
style & beauty,engaging
style & beauty,portable
style & beauty,leaf
style & beauty,art
style & beauty,magical
style & beauty,wrapped
style & beauty,woman
style & beauty,leaves
style & beauty,appeal
style & beauty,bold
style & beauty,bridges
style & beauty,roses
style & beauty,designer
style & beauty,rolling
style & beauty,wells
style & beauty,angel
style & beauty,respect
style & beauty,carol
style & beauty,heather
style & beauty,switzerland
style & beauty,preferred
style & beauty,maria
style & beauty,hybrid
style & beauty,myrtle
style & beauty,lil
style & beauty,postcard
style & beauty,fitted
style & beauty,green
style & beauty,mitsubishi
style & beauty,sunshine
style & beauty,gras
style & beauty,special
style & beauty,joy
style & beauty,useful
style & beauty,transparent
style & beauty,fireplace
style & beauty,finest
style & beauty,nails
style & beauty,loops
style & beauty,yamaha
style & beauty,favorite
style & beauty,compatible
style & beauty,both
style & beauty,prefers
style & beauty,style
style & beauty,mazda
style & beauty,twiki
style & beauty,raises
style & beauty,pride
style & beauty,jill
style & beauty,jeans
style & beauty,katrina
style & beauty,cadillac
style & beauty,prefer
style & beauty,her
style & beauty,blue
style & beauty,nicole
style & beauty,blessed
style & beauty,pair
style & beauty,barcelona
style & beauty,monica
style & beauty,louis
style & beauty,metallic
style & beauty,shaved
style & beauty,fascinating
style & beauty,endorsed
style & beauty,angeles
style & beauty,wow
style & beauty,donna
style & beauty,levitra
style & beauty,bristol
style & beauty,women
style & beauty,bukkake
style & beauty,designs
style & beauty,favourite
style & beauty,neon
style & beauty,sanyo
style & beauty,portrait
style & beauty,lit
style & beauty,soft
style & beauty,rings
style & beauty,belgium
style & beauty,girls
style & beauty,renew
style & beauty,orange
style & beauty,proper
style & beauty,herself
style & beauty,remarkable
style & beauty,stephanie
style & beauty,maldives
style & beauty,brighton
style & beauty,reflects
style & beauty,rosa
style & beauty,similar
style & beauty,footwear
style & beauty,perfectly
style & beauty,exceptional
style & beauty,clear
style & beauty,fitting
style & beauty,opt
style & beauty,laura
style & beauty,win
style & beauty,june
style & beauty,plaza
style & beauty,latex
style & beauty,complement
style & beauty,surround
style & beauty,handy
style & beauty,authentic
style & beauty,amanda
style & beauty,presented
style & beauty,optimize
style & beauty,inspired
style & beauty,wings
style & beauty,edwards
style & beauty,impressed
style & beauty,swing
style & beauty,composite
style & beauty,lisa
style & beauty,emily
style & beauty,marilyn
style & beauty,queensland
style & beauty,yacht
style & beauty,shoe
style & beauty,antiques
style & beauty,valued
style & beauty,extraordinary
style & beauty,armenia
style & beauty,eagles
style & beauty,rolled
style & beauty,she
style & beauty,varying
style & beauty,specially
style & beauty,present
style & beauty,pleased
style & beauty,displayed
style & beauty,presents
style & beauty,appearing
style & beauty,finishing
style & beauty,integrating
politic,political
politic,politics
politic,politicians
politic,democrat
politic,progressive
politic,poland
politic,democratic
politic,communist
politic,cult
politic,controversial
politic,memphis
politic,parliamentary
politic,munich
politic,premier
politic,democracy
politic,democrats
politic,proc
politic,hip
politic,polish
politic,prix
politic,civic
politic,capitol
politic,comm
politic,parliament
politic,liberal
politic,productive
politic,gamma
politic,logic
politic,chi
politic,congressional
politic,moral
politic,chicago
politic,commission
politic,governmental
politic,ivory
politic,phi
politic,warriors
politic,champion
politic,philip
politic,vocational
politic,rico
politic,philadelphia
politic,chamber
politic,culture
politic,prague
politic,gregory
politic,dominican
politic,col
politic,motivated
politic,coalition
politic,chem
politic,commissioner
politic,powered
politic,judy
politic,corruption
politic,polished
politic,demonstration
politic,governing
politic,gcc
politic,phil
politic,entitled
politic,philips
politic,commander
politic,republican
politic,coordinated
politic,vocals
politic,organizer
politic,council
politic,manchester
politic,electoral
politic,civilization
politic,rogers
politic,determination
politic,pressing
politic,czech
politic,pci
politic,powers
politic,prominent
politic,vital
politic,competitive
politic,republicans
politic,korea
politic,candidate
politic,protest
politic,chapel
politic,controversy
politic,cologne
politic,joint
politic,vincent
politic,columnists
politic,phillips
politic,wars
politic,legislative
politic,municipal
politic,complimentary
politic,championship
politic,russia
politic,jerusalem
politic,power
politic,cialis
politic,chassis
politic,collective
politic,government
politic,agenda
politic,principal
politic,welsh
politic,phoenix
politic,magnetic
politic,median
politic,hiv
politic,greece
politic,china
politic,pacific
politic,chemistry
politic,motors
politic,pmc
politic,policy
politic,campaign
politic,korean
politic,chambers
politic,legislature
politic,lobby
politic,mayor
politic,powerful
politic,po
politic,gmc
politic,pc
politic,guild
politic,legislation
politic,morgan
politic,midi
politic,gilbert
politic,courage
politic,turkish
politic,campaigns
politic,gym
politic,chile
politic,persian
politic,demonstrate
politic,spokesman
politic,capital
politic,goto
politic,mediterranean
politic,radical
politic,urge
politic,vip
politic,gpl
politic,revolutionary
politic,organizing
politic,kirk
politic,jews
politic,meaningful
politic,organised
politic,charms
politic,leader
politic,hoped
politic,champions
politic,promoting
politic,choir
politic,russian
politic,elections
politic,contemporary
politic,election
politic,magnet
politic,chick
politic,coordinate
politic,commissioners
politic,moscow
politic,proposition
politic,organizational
politic,consortium
politic,crucial
politic,womens
politic,pvc
politic,centre
politic,municipality
politic,colleague
politic,cope
politic,salon
politic,policies
politic,punk
politic,liberia
politic,allied
politic,congress
politic,chosen
politic,prompt
politic,encouraging
politic,committee
politic,german
politic,sacramento
politic,organized
politic,imperial
politic,charter
politic,military
politic,prospective
politic,march
politic,colleagues
politic,decent
politic,promotion
politic,republic
politic,nicaragua
politic,french
politic,priorities
politic,vatican
politic,ministers
politic,leadership
politic,corps
politic,colon
politic,tend
politic,strategic
politic,manhattan
politic,karma
politic,kingdom
politic,med
politic,charm
politic,proposed
politic,promotions
politic,motivation
politic,morocco
politic,honor
politic,spirits
politic,charlie
politic,cooperative
politic,swedish
politic,hierarchy
politic,colin
politic,levy
politic,federation
politic,hoping
politic,judicial
politic,function
politic,nashville
politic,coordination
politic,choosing
politic,amsterdam
politic,columbia
politic,pitch
politic,commissions
politic,princeton
politic,salem
politic,congo
politic,corp
politic,sagem
politic,defend
politic,conspiracy
politic,immigration
politic,mandate
politic,fuck
politic,supreme
politic,sparc
politic,colonial
politic,italic
politic,conjunction
politic,critical
politic,leads
politic,coach
politic,jvc
politic,clinton
politic,minister
politic,voting
politic,preservation
politic,richmond
politic,proud
politic,pierre
politic,germany
politic,demanding
politic,pal
politic,prospect
politic,scottish
politic,refuse
politic,atlanta
politic,netherlands
politic,promotes
politic,colombia
politic,shipment
politic,olympus
politic,mood
politic,chicks
politic,urgent
politic,columbus
politic,constitutional
politic,israel
politic,executive
politic,pride
politic,rally
politic,peoples
politic,justify
politic,offensive
politic,charleston
politic,mag
politic,velocity
politic,ethics
politic,hop
politic,judge
politic,advocate
politic,opposed
politic,cyprus
politic,illinois
politic,pros
politic,france
politic,elect
politic,mongolia
politic,governments
politic,mexico
politic,country
politic,scotland
politic,potter
politic,resistance
politic,nomination
politic,propose
politic,nominated
politic,washington
politic,corpus
politic,encourage
politic,corresponding
politic,stake
politic,homeland
politic,organize
politic,european
politic,mardi
politic,compete
politic,encouraged
politic,councils
politic,michel
politic,collaborative
politic,determined
politic,charlotte
politic,chose
politic,liverpool
politic,geo
politic,cumulative
politic,cet
politic,francis
politic,refused
politic,cingular
politic,corporation
politic,labor
politic,british
politic,pichunter
politic,prophet
politic,heated
politic,citizen
politic,clan
politic,philippines
politic,queen
politic,perth
politic,prior
politic,collectible
politic,milf
politic,collected
politic,michigan
politic,characterized
politic,cocks
politic,authority
politic,mcdonald
politic,importance
politic,elite
politic,pac
politic,harper
politic,pgp
politic,mars
politic,colorado
politic,gmt
politic,orgasm
politic,occupational
politic,kingston
politic,lord
politic,processors
politic,presidential
politic,belgium
politic,pulse
politic,occupation
politic,movement
politic,importantly
politic,committed
politic,milwaukee
politic,derby
politic,regime
politic,canadian
politic,race
politic,clause
politic,ministry
politic,demonstrated
politic,giants
politic,possession
politic,proudly
politic,cooperation
politic,macedonia
politic,pledge
politic,endorsed
politic,celtic
politic,pushing
politic,mercury
politic,command
politic,organ
politic,affiliate
politic,column
politic,charming
politic,saudi
politic,palestinian
politic,carolina
politic,zealand
politic,premium
politic,fighting
politic,kentucky
politic,threatening
politic,theta
politic,cum
politic,promising
politic,logos
politic,organisation
politic,significance
politic,executives
politic,chorus
politic,precise
politic,affiliated
politic,conflict
politic,dominant
politic,competing
politic,popular
politic,competent
politic,tension
politic,gsm
politic,rouge
politic,lyric
politic,holdem
politic,initiative
politic,warrior
politic,schemes
politic,malta
politic,pot
politic,affiliation
politic,returning
politic,logan
politic,upc
politic,distinguished
politic,president
politic,gis
politic,representative
politic,ascii
politic,directive
politic,argue
politic,israeli
politic,cuba
politic,cumshot
politic,beneficial
politic,protective
politic,rhode
politic,siemens
politic,chief
politic,serious
politic,momentum
politic,because
politic,competitors
politic,axis
politic,desirable
politic,cir
politic,wanting
politic,concerned
politic,worthy
politic,cabinet
politic,cardiff
politic,priority
politic,pro
politic,grill
politic,fought
politic,pushed
politic,critics
politic,mauritius
politic,ambassador
politic,bolivia
politic,hell
politic,caring
politic,promoted
politic,oriented
politic,persistent
politic,western
politic,functionality
politic,sponsorship
politic,somalia
politic,slovakia
politic,missouri
politic,pole
politic,litigation
politic,qualifying
politic,demonstrates
politic,submission
politic,francisco
politic,favors
politic,compromise
politic,judgment
politic,fioricet
politic,croatia
politic,governance
politic,ultram
politic,union
politic,process
politic,promote
politic,glasgow
politic,spain
entertainment,fun
entertainment,funny
entertainment,charming
entertainment,featuring
entertainment,arts
entertainment,interesting
entertainment,plays
entertainment,play
entertainment,delight
entertainment,merry
entertainment,performing
entertainment,exciting
entertainment,obtaining
entertainment,playing
entertainment,enjoy
entertainment,spectacular
entertainment,engaging
entertainment,circus
entertainment,fabulous
entertainment,enjoying
entertainment,feat
entertainment,performance
entertainment,event
entertainment,leisure
entertainment,ent
entertainment,pleasure
entertainment,enjoyed
entertainment,concert
entertainment,presents
entertainment,premiere
entertainment,attraction
entertainment,joke
entertainment,show
entertainment,celebrate
entertainment,comedy
entertainment,entertaining
entertainment,appeal
entertainment,showcase
entertainment,watch
entertainment,energy
entertainment,concerts
entertainment,joy
entertainment,fantastic
entertainment,performances
entertainment,watching
entertainment,played
entertainment,shows
entertainment,commercial
entertainment,fascinating
entertainment,excitement
entertainment,music
entertainment,erotic
entertainment,humor
entertainment,jokes
entertainment,party
entertainment,pleasant
entertainment,reel
entertainment,karaoke
entertainment,musical
entertainment,charm
entertainment,theatre
entertainment,enhancing
entertainment,nightlife
entertainment,laughing
entertainment,charms
entertainment,experiencing
entertainment,engage
entertainment,ambient
entertainment,festivals
entertainment,celebration
entertainment,gaming
entertainment,attract
entertainment,exhibition
entertainment,creative
entertainment,events
entertainment,excited
entertainment,ep
entertainment,laugh
entertainment,recreational
entertainment,starring
entertainment,carnival
entertainment,acting
entertainment,appliance
entertainment,lingerie
entertainment,perform
entertainment,leasing
entertainment,toy
entertainment,awesome
entertainment,wonderful
entertainment,experience
entertainment,funky
entertainment,lecture
entertainment,attractive
entertainment,eau
entertainment,affair
entertainment,theater
entertainment,surprising
entertainment,encouraging
entertainment,active
entertainment,dance
entertainment,attractions
entertainment,performs
entertainment,tunes
entertainment,enables
entertainment,creates
entertainment,performed
entertainment,keen
entertainment,scenic
entertainment,pop
entertainment,experiences
entertainment,bang
entertainment,viewing
entertainment,showing
entertainment,comic
entertainment,movies
entertainment,engagement
entertainment,stage
entertainment,amazing
entertainment,highlight
entertainment,festival
entertainment,thriller
entertainment,amenities
entertainment,fully
entertainment,entertainment
entertainment,interactive
entertainment,blast
entertainment,ease
entertainment,inspired
entertainment,audience
entertainment,venture
entertainment,demonstration
entertainment,rolling
entertainment,excellent
entertainment,rolls
entertainment,dancing
entertainment,comfortable
entertainment,suse
entertainment,recreation
entertainment,lolita
entertainment,lovely
entertainment,playlist
entertainment,silly
entertainment,presentations
entertainment,playboy
entertainment,spin
entertainment,live
entertainment,exhibit
entertainment,presenting
entertainment,parade
entertainment,ballet
entertainment,ment
entertainment,museums
entertainment,fancy
entertainment,producing
entertainment,filme
entertainment,demo
entertainment,delivers
entertainment,jazz
entertainment,cinema
entertainment,cartoons
entertainment,appeals
entertainment,ace
entertainment,loving
entertainment,smilies
entertainment,treat
entertainment,engaged
entertainment,fantasy
entertainment,interest
entertainment,warming
entertainment,like
entertainment,watched
entertainment,impressive
entertainment,marvel
entertainment,roll
entertainment,cool
entertainment,popular
entertainment,explore
entertainment,lectures
entertainment,exercise
entertainment,episodes
entertainment,illustration
entertainment,nice
entertainment,attend
entertainment,games
entertainment,gangbang
entertainment,surprise
entertainment,tune
entertainment,playstation
entertainment,ear
entertainment,cheers
entertainment,tale
entertainment,interested
entertainment,activity
entertainment,treated
entertainment,rec
entertainment,content
entertainment,parties
entertainment,fetish
entertainment,entries
entertainment,orgasm
entertainment,cartoon
entertainment,est
entertainment,comics
entertainment,happy
entertainment,happening
entertainment,mime
entertainment,presentation
entertainment,highlights
entertainment,eos
entertainment,wicked
entertainment,movie
entertainment,outstanding
entertainment,simpsons
entertainment,manga
entertainment,phentermine
entertainment,filling
entertainment,displays
entertainment,buzz
entertainment,spirits
entertainment,casual
entertainment,cute
entertainment,erotica
entertainment,estates
entertainment,acts
entertainment,arena
entertainment,singing
entertainment,trivia
entertainment,espn
entertainment,stunning
entertainment,arcade
entertainment,exhibits
entertainment,great
entertainment,joyce
entertainment,complement
entertainment,bubble
entertainment,action
entertainment,produced
entertainment,twist
entertainment,serving
entertainment,theaters
entertainment,productions
entertainment,candy
entertainment,venice
entertainment,screensavers
entertainment,smile
entertainment,song
entertainment,epic
entertainment,displaying
entertainment,bringing
entertainment,adventure
entertainment,display
entertainment,hollywood
entertainment,brings
entertainment,encourages
entertainment,ae
entertainment,broadway
entertainment,eminem
entertainment,variety
entertainment,acute
entertainment,moving
entertainment,television
entertainment,pleased
entertainment,bangbus
entertainment,illustrations
entertainment,lounge
entertainment,tremendous
entertainment,spa
entertainment,toys
entertainment,film
entertainment,erp
entertainment,seeing
entertainment,videos
entertainment,performer
entertainment,podcasts
entertainment,liked
entertainment,hop
entertainment,reading
entertainment,sing
entertainment,player
entertainment,imagine
entertainment,reads
entertainment,forming
entertainment,gratuit
entertainment,tales
entertainment,emily
entertainment,adventures
entertainment,showed
entertainment,orgy
entertainment,lol
entertainment,accompanied
entertainment,ensemble
entertainment,feature
entertainment,enhance
entertainment,ing
entertainment,exotic
entertainment,flashing
entertainment,screening
entertainment,special
entertainment,podcast
entertainment,shine
entertainment,encouraged
entertainment,creating
entertainment,comes
entertainment,attended
entertainment,consumer
entertainment,simulations
entertainment,listen
entertainment,features
entertainment,hook
entertainment,showtimes
entertainment,ate
entertainment,incredible
entertainment,visual
entertainment,satisfactory
entertainment,electronic
entertainment,epa
entertainment,worthy
entertainment,complimentary
entertainment,fair
entertainment,streaming
entertainment,seem
entertainment,loved
entertainment,bingo
entertainment,promising
entertainment,swing
entertainment,presented
entertainment,accompanying
entertainment,fan
entertainment,essay
entertainment,songs
entertainment,impressed
entertainment,rated
entertainment,stories
entertainment,episode
entertainment,screensaver
entertainment,picnic
entertainment,indie
entertainment,flash
entertainment,piece
entertainment,multimedia
entertainment,draws
entertainment,phenomenon
entertainment,sonic
entertainment,hosts
entertainment,roller
entertainment,soundtrack
entertainment,raise
entertainment,tube
entertainment,fioricet
entertainment,cingular
entertainment,lyric
entertainment,belfast
entertainment,produces
entertainment,artist
entertainment,para
entertainment,opera
entertainment,lift
entertainment,shown
entertainment,premier
entertainment,able
entertainment,ventures
entertainment,good
entertainment,disney
entertainment,pour
entertainment,causing
entertainment,mixer
entertainment,classic
entertainment,game
entertainment,rolled
entertainment,crack
entertainment,ports
entertainment,televisions
entertainment,happens
entertainment,superb
entertainment,contests
entertainment,featured
entertainment,provided
entertainment,draw
entertainment,holiday
entertainment,raising
entertainment,sparc
entertainment,xbox
entertainment,deluxe
entertainment,acer
entertainment,novelty
entertainment,programme
entertainment,contest
entertainment,works
entertainment,bands
entertainment,hosted
entertainment,eng
entertainment,galleries
entertainment,social
entertainment,clips
entertainment,grand
entertainment,plaza
entertainment,celebs
entertainment,tender
entertainment,catch
entertainment,luxembourg
entertainment,program
entertainment,simulation
entertainment,favorite
entertainment,makes
entertainment,barbie
entertainment,therapeutic
entertainment,paradise
entertainment,culture
entertainment,provides
entertainment,advert
entertainment,lime
entertainment,hit
entertainment,beatles
entertainment,appropriate
entertainment,demonstrates
entertainment,projectors
entertainment,act
entertainment,modern
entertainment,readers
entertainment,sells
entertainment,mtv
entertainment,films
entertainment,porn
entertainment,puzzles
entertainment,twinks
entertainment,living
entertainment,reception
entertainment,creation
entertainment,anticipated
entertainment,experimental
entertainment,sexy
entertainment,consoles
entertainment,educational
entertainment,displayed
entertainment,programmes
entertainment,kick
entertainment,read
entertainment,benefit
entertainment,cast
entertainment,annotation
entertainment,clip
entertainment,et
entertainment,jump
entertainment,animated
entertainment,stylish
entertainment,selling
entertainment,seemed
entertainment,sexcam
entertainment,playback
entertainment,hobbies
entertainment,drawn
entertainment,series
entertainment,ring
entertainment,viewer
entertainment,entire
entertainment,ride
entertainment,ping
entertainment,gamespot
entertainment,lifestyle
entertainment,sound
entertainment,equipped
entertainment,seems
entertainment,beautifully
entertainment,surfing
entertainment,express
entertainment,drama
entertainment,magical
entertainment,super
entertainment,fine
entertainment,being
entertainment,programs
entertainment,evening
entertainment,electric
entertainment,screen
entertainment,aurora
entertainment,boxing
entertainment,promotional
entertainment,sharing
entertainment,projector
entertainment,present
entertainment,sweet
entertainment,boom
entertainment,tee
entertainment,host
entertainment,relates
entertainment,exhibitions
entertainment,par
entertainment,cooler
entertainment,tell
entertainment,created
entertainment,animation
entertainment,comp
entertainment,project
entertainment,audi
entertainment,sublime
entertainment,product
entertainment,served
entertainment,expression
entertainment,mardi
entertainment,extra
comedy,joke
comedy,comic
comedy,comics
comedy,funny
comedy,jokes
comedy,comedy
comedy,humor
comedy,fun
comedy,laugh
comedy,laughing
comedy,funky
comedy,lolita
comedy,lol
comedy,ha
comedy,lyric
comedy,silly
comedy,smilies
comedy,fool
comedy,rolling
comedy,lucy
comedy,chuck
comedy,rolls
comedy,crack
comedy,crazy
comedy,simpsons
comedy,smile
comedy,fully
comedy,lie
comedy,joyce
comedy,lycos
comedy,complimentary
comedy,rip
comedy,cartoon
comedy,shemale
comedy,freebsd
comedy,charming
comedy,fake
comedy,creative
comedy,bloom
comedy,cocks
comedy,twist
comedy,cam
comedy,lamb
comedy,sony
comedy,charms
comedy,rolled
comedy,hit
comedy,commercial
comedy,causing
comedy,dicke
comedy,blowing
comedy,lit
comedy,surprise
comedy,casual
comedy,hq
comedy,featuring
comedy,combo
comedy,screw
comedy,bang
comedy,harry
comedy,blast
comedy,roll
comedy,spin
comedy,tale
comedy,lil
comedy,lingerie
comedy,twinks
comedy,sagem
comedy,functions
comedy,cl
comedy,surprising
comedy,hay
comedy,filme
comedy,feat
comedy,joe
comedy,reel
comedy,gsm
comedy,lies
comedy,fy
comedy,creates
comedy,schemes
comedy,blow
comedy,plays
comedy,misc
comedy,playing
comedy,cartoons
comedy,que
comedy,jam
comedy,ricky
comedy,sally
comedy,fabulous
comedy,comm
comedy,billy
comedy,cock
comedy,wicked
comedy,play
comedy,ah
comedy,mel
comedy,libs
comedy,chan
comedy,orgasm
comedy,shoot
comedy,tommy
comedy,llp
comedy,jimmy
comedy,makes
comedy,lyrics
comedy,floppy
comedy,twisted
comedy,grill
comedy,kay
comedy,played
comedy,lime
comedy,gangbang
comedy,hook
comedy,char
comedy,lying
comedy,tranny
comedy,hh
comedy,comes
comedy,gras
comedy,induced
comedy,dynamic
comedy,rather
comedy,premiere
comedy,click
comedy,ieee
comedy,happy
comedy,gtk
comedy,meanwhile
comedy,acting
comedy,charlie
comedy,different
comedy,larry
comedy,tries
comedy,unique
comedy,flip
comedy,jo
comedy,aka
comedy,fioricet
comedy,fuck
comedy,comp
comedy,happens
comedy,swing
comedy,goes
comedy,come
comedy,unexpected
comedy,created
comedy,lu
comedy,cas
comedy,ran
comedy,chick
comedy,great
comedy,gba
comedy,complement
comedy,led
comedy,duck
comedy,works
comedy,like
comedy,ww
comedy,pull
comedy,mo
comedy,nb
comedy,go
comedy,fg
comedy,luke
comedy,clip
comedy,performing
comedy,mm
comedy,gel
comedy,jump
comedy,yo
comedy,shemales
comedy,bangbus
comedy,joy
comedy,mambo
comedy,robbie
comedy,orgy
comedy,sm
comedy,cross
comedy,par
comedy,fucking
comedy,haiti
comedy,blink
comedy,hop
comedy,interesting
comedy,fucked
comedy,phantom
comedy,but
comedy,shaw
comedy,fl
comedy,je
comedy,called
comedy,hollywood
comedy,lift
comedy,cum
comedy,lip
comedy,blend
comedy,camp
comedy,loose
comedy,literally
comedy,piece
comedy,hl
comedy,pop
comedy,celebrate
comedy,enjoy
comedy,generated
comedy,happen
comedy,made
comedy,jumping
comedy,holiday
comedy,appropriate
comedy,posing
comedy,aye
comedy,modern
comedy,phil
comedy,show
comedy,turn
comedy,ye
comedy,ala
comedy,ho
comedy,novelty
comedy,act
comedy,happening
comedy,amateur
comedy,said
comedy,plugins
comedy,mic
comedy,bit
comedy,boom
comedy,kinda
comedy,thrown
comedy,behalf
comedy,kelkoo
comedy,entertaining
comedy,mem
comedy,such
comedy,nuts
comedy,jay
comedy,bb
comedy,yang
comedy,rap
comedy,them
comedy,insert
comedy,eh
comedy,special
comedy,fw
comedy,johnny
comedy,surprised
comedy,because
comedy,sent
comedy,fa
comedy,jon
comedy,bee
comedy,wow
comedy,ff
comedy,well
comedy,ml
comedy,flashing
comedy,foo
comedy,yes
comedy,broad
comedy,varied
comedy,ram
comedy,dude
comedy,cunt
comedy,snap
comedy,pose
comedy,pm
comedy,inserted
comedy,dd
comedy,suppose
comedy,cho
comedy,along
comedy,matched
comedy,oclc
comedy,jeff
comedy,h
comedy,double
comedy,imagine
comedy,howard
comedy,was
comedy,aw
comedy,cos
comedy,gif
comedy,aaa
comedy,jake
comedy,whatever
comedy,break
comedy,makers
comedy,erp
comedy,congo
comedy,sn
comedy,yea
comedy,yeah
comedy,ty
comedy,lo
comedy,lm
comedy,bubble
comedy,awesome
comedy,y
comedy,opening
comedy,so
comedy,rio
comedy,rh
comedy,claimed
comedy,lan
comedy,lee
comedy,whilst
comedy,welsh
comedy,ooo
comedy,gary
comedy,posted
comedy,differently
comedy,this
comedy,scheme
comedy,with
comedy,reverse
comedy,ep
comedy,lib
comedy,moving
comedy,thumbnails
comedy,bl
comedy,favorite
comedy,shown
comedy,thy
comedy,throw
comedy,kick
comedy,hat
comedy,hon
comedy,supposed
comedy,hs
comedy,lynn
comedy,pour
comedy,hull
comedy,licking
comedy,li
comedy,lc
comedy,cal
comedy,entertainment
comedy,drop
comedy,po
comedy,wang
comedy,j
comedy,tee
comedy,arcade
comedy,turned
comedy,liked
comedy,tales
comedy,sf
comedy,chase
comedy,gg
comedy,creator
comedy,ol
comedy,whereas
comedy,sic
comedy,little
comedy,told
comedy,wit
comedy,clips
comedy,watch
comedy,described
comedy,ear
comedy,treated
comedy,mr
comedy,performed
comedy,rom
comedy,introduce
comedy,ls
comedy,cap
comedy,leasing
comedy,peak
comedy,presented
comedy,tell
comedy,ing
comedy,ja
comedy,telling
comedy,came
comedy,du
comedy,catch
comedy,produced
comedy,pal
comedy,performance
comedy,share
comedy,bt
comedy,saw
comedy,mp
comedy,happened
comedy,bbw
comedy,introduces
comedy,merry
comedy,ips
comedy,ink
comedy,spoke
comedy,gratuit
comedy,successfully
comedy,drops
comedy,rick
comedy,depends
comedy,gl
comedy,shows
comedy,odd
comedy,rome
comedy,heard
comedy,op
comedy,that
comedy,allah
comedy,justin
comedy,starting
comedy,introduced
comedy,andy
comedy,starts
comedy,wed
comedy,strange
comedy,make
comedy,shared
comedy,round
comedy,linked
comedy,ba
comedy,soft
comedy,xxx
comedy,clarke
comedy,written
comedy,became
comedy,k
comedy,scene
comedy,movie
comedy,started
comedy,ben
comedy,pty
comedy,turns
comedy,take
comedy,cheers
comedy,forward
comedy,together
comedy,seen
comedy,qty
comedy,gr
comedy,combines
comedy,tba
comedy,mag
comedy,head
comedy,while
comedy,began
comedy,combine
comedy,direct
comedy,bukkake
comedy,cd
comedy,doing
comedy,burst
comedy,random
comedy,oh
comedy,lined
comedy,hash
comedy,begin
comedy,ups
comedy,nat
comedy,talking
comedy,bringing
comedy,gay
comedy,showed
comedy,bo
comedy,cc
comedy,went
comedy,combining
comedy,align
comedy,mu
comedy,pulled
comedy,begins
comedy,replies
comedy,yu
comedy,through
comedy,instead
comedy,introducing
comedy,sat
comedy,er
comedy,fo
comedy,bw
comedy,insertion
comedy,be
comedy,start
comedy,cope
comedy,arising
comedy,berry
comedy,jacob
comedy,butt
comedy,uri
comedy,wb
comedy,becomes
comedy,ka
comedy,display
comedy,kw
comedy,way
comedy,boy
comedy,directed
comedy,best
comedy,even
comedy,col
comedy,amy
comedy,create
sport,football
sport,golf
sport,cricket
sport,wrestling
sport,soccer
sport,ports
sport,swimming
sport,basketball
sport,sports
sport,ballet
sport,athletics
sport,rugby
sport,pitch
sport,hockey
sport,baseball
sport,tennis
sport,swim
sport,surfing
sport,boxing
sport,surf
sport,volleyball
sport,athletes
sport,bowling
sport,skating
sport,racing
sport,nba
sport,nfl
sport,cycling
sport,diving
sport,sailing
sport,basket
sport,athletic
sport,nascar
sport,softball
sport,sporting
sport,skiing
sport,polo
sport,skins
sport,portsmouth
sport,sparc
sport,nhl
sport,hunting
sport,boating
sport,races
sport,sport
sport,olympics
sport,gym
sport,paintball
sport,samba
sport,olympic
sport,fishing
sport,workout
sport,martial
sport,race
sport,sprint
sport,chase
sport,track
sport,ball
sport,nike
sport,shooting
sport,dive
sport,snowboard
sport,playing
sport,plays
sport,riding
sport,cross
sport,jumping
sport,spa
sport,featuring
sport,derby
sport,running
sport,olympus
sport,soc
sport,competitors
sport,throwing
sport,exercise
sport,horses
sport,compete
sport,throws
sport,competing
sport,tournament
sport,swing
sport,suse
sport,rpg
sport,competition
sport,play
sport,stadium
sport,boc
sport,horse
sport,gangbang
sport,feat
sport,fighting
sport,stroke
sport,competitions
sport,touring
sport,warriors
sport,pursuit
sport,performance
sport,sail
sport,scores
sport,tournaments
sport,goat
sport,player
sport,port
sport,motorcycle
sport,bicycle
sport,players
sport,bike
sport,fisting
sport,rides
sport,cruise
sport,pushing
sport,marathon
sport,riders
sport,aquatic
sport,wars
sport,hunt
sport,pulse
sport,tigers
sport,mlb
sport,active
sport,rally
sport,throw
sport,match
sport,cruises
sport,motorola
sport,trout
sport,strikes
sport,mustang
sport,motorcycles
sport,hiking
sport,cups
sport,tour
sport,liverpool
sport,spanking
sport,bowl
sport,activity
sport,climbing
sport,contest
sport,rider
sport,fish
sport,games
sport,punch
sport,bikes
sport,fight
sport,rebound
sport,flip
sport,runner
sport,played
sport,court
sport,barcelona
sport,uruguay
sport,dancing
sport,scored
sport,contests
sport,fujitsu
sport,march
sport,matches
sport,relay
sport,rounds
sport,huntington
sport,team
sport,teams
sport,stake
sport,ride
sport,bolivia
sport,kick
sport,shots
sport,lap
sport,thrown
sport,manchester
sport,climb
sport,comp
sport,game
sport,outdoors
sport,shoot
sport,participating
sport,run
sport,hitting
sport,crossing
sport,ski
sport,actors
sport,rabbit
sport,swingers
sport,alpine
sport,drill
sport,scuba
sport,cars
sport,harley
sport,baths
sport,jaguar
sport,nato
sport,blowing
sport,round
sport,duke
sport,madrid
sport,sur
sport,mardi
sport,shot
sport,championships
sport,gore
sport,recreation
sport,action
sport,competitive
sport,pickup
sport,score
sport,pursue
sport,mounting
sport,titans
sport,shark
sport,boat
sport,pulling
sport,beatles
sport,draft
sport,lions
sport,wins
sport,safari
sport,springer
sport,motors
sport,sessions
sport,shoe
sport,milfhunter
sport,porter
sport,participate
sport,season
sport,qualifying
sport,jump
sport,championship
sport,tackle
sport,bukkake
sport,champion
sport,event
sport,stretch
sport,vol
sport,spank
sport,arcade
sport,prospect
sport,trials
sport,participant
sport,participation
sport,balls
sport,walks
sport,finishing
sport,sat
sport,fisher
sport,squirt
sport,spin
sport,delta
sport,cycle
sport,champions
sport,bangbus
sport,beats
sport,fitness
sport,tampa
sport,fighters
sport,dod
sport,tries
sport,performing
sport,boats
sport,tiger
sport,walked
sport,prix
sport,triumph
sport,yacht
sport,usps
sport,league
sport,performs
sport,seasons
sport,starring
sport,fought
sport,practice
sport,scoring
sport,winning
sport,lanes
sport,suzuki
sport,scoop
sport,ice
sport,performed
sport,car
sport,surge
sport,surround
sport,squirting
sport,fighter
sport,vs
sport,bang
sport,sc
sport,fun
sport,rolls
sport,landing
sport,ran
sport,versus
sport,monaco
sport,goes
sport,perform
sport,rolling
sport,moves
sport,hunter
sport,goals
sport,duck
sport,rangers
sport,aerial
sport,physical
sport,watching
sport,yamaha
sport,returns
sport,runs
sport,gba
sport,brazilian
sport,balloon
sport,bass
sport,squad
sport,placing
sport,dance
sport,flashing
sport,blades
sport,swift
sport,wheel
sport,spears
sport,exercises
sport,swap
sport,rec
sport,lamb
sport,boom
sport,moving
sport,rotation
sport,pushed
sport,salmon
sport,winners
sport,watch
sport,tokyo
sport,ongoing
sport,booty
sport,dodge
sport,participants
sport,southampton
sport,portugal
sport,par
sport,screw
sport,sweden
sport,espn
sport,different
sport,flying
sport,along
sport,bow
sport,beat
sport,receiver
sport,viking
sport,won
sport,victory
sport,qualify
sport,turning
sport,participated
sport,wildlife
sport,rope
sport,particular
sport,boxed
sport,cannon
sport,cage
sport,reggae
sport,pike
sport,occurred
sport,eagles
sport,gun
sport,buffalo
sport,occurs
sport,outdoor
sport,based
sport,undertake
sport,amateur
sport,charger
sport,watched
sport,swedish
sport,specially
sport,trek
sport,stars
sport,footwear
sport,swiss
sport,jets
sport,enjoyed
sport,leasing
sport,spare
sport,move
sport,them
sport,course
sport,bee
sport,wing
sport,which
sport,doing
sport,paris
sport,silver
sport,whale
sport,bufing
sport,strike
sport,bristol
sport,enjoying
sport,events
sport,drums
sport,passing
sport,dropped
sport,floating
sport,unique
sport,matching
sport,sp
sport,catch
sport,winner
sport,peeing
sport,respective
sport,representing
sport,bg
sport,spoke
sport,starts
sport,hull
sport,together
sport,returning
sport,enjoy
sport,attraction
sport,arkansas
sport,slide
sport,faster
sport,yard
sport,switching
sport,raymond
sport,featured
sport,celebrate
sport,presented
sport,combining
sport,latino
sport,specifically
sport,boards
sport,differently
sport,ing
sport,highlighted
sport,twiki
sport,achieve
sport,belgium
sport,knights
sport,sw
sport,movement
sport,popular
sport,similar
sport,arena
sport,chile
sport,board
sport,specific
sport,fantastic
sport,sword
sport,act
sport,presenting
sport,bolt
sport,pulled
sport,star
sport,turns
sport,integrated
sport,fisheries
sport,fixtures
sport,simultaneously
sport,mounted
sport,successful
sport,acts
sport,paraguay
sport,include
sport,potter
sport,happening
sport,rug
sport,pole
sport,varying
sport,triple
sport,something
sport,sanyo
sport,azerbaijan
sport,styles
sport,outside
sport,ho
sport,por
sport,licking
sport,entertainment
sport,gold
sport,typically
sport,similarly
sport,fabulous
sport,roses
sport,began
sport,inline
sport,occur
sport,superb
sport,win
sport,rather
sport,stand
sport,parade
sport,carries
sport,joins
sport,qualification
sport,achieved
sport,blast
sport,plugins
sport,cattle
sport,twist
sport,brook
sport,small
sport,thing
food & drink,champagne
food & drink,pizza
food & drink,soup
food & drink,sandwich
food & drink,breakfast
food & drink,fruits
food & drink,tea
food & drink,cake
food & drink,lunch
food & drink,cakes
food & drink,chocolate
food & drink,eating
food & drink,seafood
food & drink,cafe
food & drink,dining
food & drink,menu
food & drink,grocery
food & drink,pasta
food & drink,bukkake
food & drink,salad
food & drink,pie
food & drink,wine
food & drink,sail
food & drink,dinner
food & drink,feeding
food & drink,meal
food & drink,lingerie
food & drink,eat
food & drink,fruit
food & drink,gourmet
food & drink,meals
food & drink,restaurants
food & drink,cuisine
food & drink,picnic
food & drink,catering
food & drink,grill
food & drink,luxembourg
food & drink,juice
food & drink,coffee
food & drink,gras
food & drink,milk
food & drink,mediterranean
food & drink,jam
food & drink,pork
food & drink,bars
food & drink,bouquet
food & drink,pubs
food & drink,restaurant
food & drink,sip
food & drink,feeds
food & drink,belfast
food & drink,bar
food & drink,bread
food & drink,bowl
food & drink,consumption
food & drink,beer
food & drink,fed
food & drink,mcdonald
food & drink,kitchen
food & drink,chips
food & drink,turkey
food & drink,foods
food & drink,fork
food & drink,beverage
food & drink,apple
food & drink,food
food & drink,beverages
food & drink,feed
food & drink,cheese
food & drink,alcohol
food & drink,dish
food & drink,offerings
food & drink,fare
food & drink,dishes
food & drink,menus
food & drink,drinks
food & drink,delicious
food & drink,dip
food & drink,served
food & drink,provisions
food & drink,serving
food & drink,serves
food & drink,greek
food & drink,amenities
food & drink,wines
food & drink,cherry
food & drink,eggs
food & drink,salmon
food & drink,order
food & drink,cups
food & drink,apnic
food & drink,banana
food & drink,pub
food & drink,drinking
food & drink,drink
food & drink,provision
food & drink,cup
food & drink,dairy
food & drink,donna
food & drink,pour
food & drink,plate
food & drink,ordering
food & drink,pop
food & drink,nutten
food & drink,blackberry
food & drink,favors
food & drink,deluxe
food & drink,egg
food & drink,ingredients
food & drink,inns
food & drink,berry
food & drink,recipes
food & drink,cookie
food & drink,prix
food & drink,serve
food & drink,cocktail
food & drink,presents
food & drink,fridge
food & drink,enjoy
food & drink,cooked
food & drink,provided
food & drink,liquid
food & drink,sauce
food & drink,both
food & drink,chicken
food & drink,buy
food & drink,combo
food & drink,delight
food & drink,thanksgiving
food & drink,taste
food & drink,intake
food & drink,tap
food & drink,prepared
food & drink,specials
food & drink,hungry
food & drink,holiday
food & drink,aqua
food & drink,offering
food & drink,treat
food & drink,sweet
food & drink,chef
food & drink,filling
food & drink,purchases
food & drink,nightlife
food & drink,refresh
food & drink,brought
food & drink,premier
food & drink,offered
food & drink,market
food & drink,bacon
food & drink,plates
food & drink,selling
food & drink,goods
food & drink,eau
food & drink,healthy
food & drink,offers
food & drink,provide
food & drink,cookbook
food & drink,flavor
food & drink,complimentary
food & drink,provides
food & drink,cookies
food & drink,dr
food & drink,celebrate
food & drink,cooking
food & drink,furnished
food & drink,featuring
food & drink,carb
food & drink,sake
food & drink,treatments
food & drink,fresh
food & drink,everything
food & drink,favorites
food & drink,complement
food & drink,refrigerator
food & drink,french
food & drink,lemon
food & drink,honey
food & drink,giving
food & drink,fusion
food & drink,mixture
food & drink,table
food & drink,consumer
food & drink,premiere
food & drink,fuel
food & drink,beverly
food & drink,prostores
food & drink,bundle
food & drink,receives
food & drink,favourites
food & drink,filled
food & drink,ordered
food & drink,items
food & drink,mix
food & drink,containing
food & drink,blend
food & drink,service
food & drink,specialties
food & drink,attract
food & drink,products
food & drink,threesome
food & drink,package
food & drink,mixed
food & drink,water
food & drink,sale
food & drink,enjoyed
food & drink,fabulous
food & drink,combined
food & drink,brings
food & drink,offer
food & drink,merry
food & drink,compatible
food & drink,pleasure
food & drink,party
food & drink,orange
food & drink,requests
food & drink,gratis
food & drink,together
food & drink,entertaining
food & drink,digest
food & drink,availability
food & drink,equivalent
food & drink,distributor
food & drink,fish
food & drink,casual
food & drink,packed
food & drink,fancy
food & drink,orders
food & drink,festivals
food & drink,boutique
food & drink,pair
food & drink,venice
food & drink,sum
food & drink,enjoying
food & drink,inn
food & drink,providing
food & drink,obtain
food & drink,cook
food & drink,danish
food & drink,preparing
food & drink,cream
food & drink,preferred
food & drink,bought
food & drink,seller
food & drink,desired
food & drink,delivers
food & drink,leisure
food & drink,spirits
food & drink,stuffed
food & drink,desirable
food & drink,choices
food & drink,shelf
food & drink,treating
food & drink,wonderful
food & drink,sells
food & drink,favor
food & drink,buys
food & drink,includes
food & drink,mixing
food & drink,customise
food & drink,hosted
food & drink,integrated
food & drink,samples
food & drink,prepare
food & drink,include
food & drink,balanced
food & drink,plaza
food & drink,having
food & drink,celebration
food & drink,obtaining
food & drink,bite
food & drink,favourite
food & drink,traditional
food & drink,sell
food & drink,bottles
food & drink,similar
food & drink,cork
food & drink,like
food & drink,available
food & drink,combine
food & drink,coupled
food & drink,features
food & drink,premium
food & drink,purchasing
food & drink,same
food & drink,sharing
food & drink,delivered
food & drink,kit
food & drink,lovely
food & drink,mixer
food & drink,favour
food & drink,feat
food & drink,present
food & drink,vanilla
food & drink,recommend
food & drink,bringing
food & drink,portions
food & drink,tray
food & drink,flexible
food & drink,grande
food & drink,something
food & drink,convenient
food & drink,deliver
food & drink,supplied
food & drink,warming
food & drink,featured
food & drink,recommendations
food & drink,recommends
food & drink,packages
food & drink,shareware
food & drink,included
food & drink,shared
food & drink,supplies
food & drink,prefer
food & drink,combination
food & drink,buying
food & drink,inclusive
food & drink,sampling
food & drink,purchased
food & drink,including
food & drink,common
food & drink,familiar
food & drink,bring
food & drink,cheers
food & drink,reward
food & drink,nutritional
food & drink,distribute
food & drink,pleasant
food & drink,chassis
food & drink,receiving
food & drink,festival
food & drink,vietnamese
food & drink,often
food & drink,appeal
food & drink,preference
food & drink,contents
food & drink,requested
food & drink,things
food & drink,rewards
food & drink,special
food & drink,comparable
food & drink,galleries
food & drink,variety
food & drink,swiss
food & drink,integrating
food & drink,depends
food & drink,barbie
food & drink,fill
food & drink,prefers
food & drink,ate
food & drink,different
food & drink,substances
food & drink,bottle
food & drink,made
food & drink,fountain
food & drink,participated
food & drink,pack
food & drink,similarly
food & drink,authentic
food & drink,repeat
food & drink,affordable
food & drink,these
food & drink,requesting
food & drink,share
food & drink,fantastic
food & drink,delivering
food & drink,spend
food & drink,combines
food & drink,contains
food & drink,options
food & drink,utils
food & drink,foo
food & drink,review
food & drink,portable
food & drink,accommodate
food & drink,presented
food & drink,barn
food & drink,tried
food & drink,specialty
food & drink,plenty
food & drink,latina
food & drink,with
food & drink,distributors
food & drink,cheap
food & drink,choose
food & drink,combining
food & drink,tee
food & drink,potatoes
food & drink,favorite
food & drink,fair
food & drink,which
food & drink,along
food & drink,tomatoes
food & drink,lime
food & drink,preparation
food & drink,fun
food & drink,cheaper
food & drink,desire
food & drink,easier
food & drink,presenting
food & drink,popular
food & drink,purchase
food & drink,item
food & drink,repeated
food & drink,lovers
food & drink,satisfactory
food & drink,lucas
food & drink,product
food & drink,associated
food & drink,differently
food & drink,attend
food & drink,barcelona
food & drink,consisting
food & drink,have
food & drink,varying
food & drink,patio
food & drink,mexican
food & drink,engaging
food & drink,ensemble
food & drink,preferences
food & drink,spending
food & drink,such
food & drink,classic
food & drink,comes
food & drink,full
food & drink,stuff
food & drink,commodities
food & drink,able
food & drink,good
food & drink,laden
food & drink,modern
food & drink,fioricet
food & drink,ours
food & drink,compare
food & drink,medium
food & drink,parties
food & drink,marketplace
food & drink,varied
food & drink,unique
food & drink,costs
food & drink,connected
food & drink,supplemental
food & drink,cheapest
food & drink,choice
food & drink,provider
food & drink,combinations
food & drink,custom
food & drink,course
food & drink,varieties
food & drink,great
food & drink,gratuit
food & drink,portion
food & drink,produces
food & drink,open
food & drink,triple
food & drink,brunette
food & drink,constitute
food & drink,grab
food & drink,distributions
food & drink,reviewed
food & drink,simultaneously
food & drink,western
food & drink,treated
food & drink,providers
food & drink,expense
food & drink,tions
food & drink,highlighted
food & drink,luxury
food & drink,recommended
food & drink,mardi
food & drink,bee
food & drink,brand
food & drink,deals
food & drink,supports
food & drink,opening
food & drink,best
food & drink,anything
food & drink,loved
food & drink,priorities
food & drink,them
food & drink,compared
food & drink,piece
food & drink,improved
food & drink,commonly
food & drink,styles
food & drink,discounted
food & drink,recommendation
food & drink,contained
food & drink,bunch
food & drink,likes
food & drink,tie
food & drink,consists
food & drink,delivery
food & drink,dual
food & drink,bang
food & drink,universal
food & drink,customize
food & drink,attractive
food & drink,magnificent
food & drink,makes
